time	userID	repoID
2008-04-01 05:20:41	12985	5326
2008-04-11 03:58:20	31886	104307
2008-04-11 03:58:20	151743	104307
2008-04-11 03:58:20	196617	104307
2008-04-11 03:58:20	206357	104307
2008-04-11 03:58:20	206373	104307
2008-04-11 03:58:20	33456	104307
2008-04-11 03:58:20	153400	104307
2008-04-11 03:58:20	196696	104307
2008-04-11 03:58:20	206358	104307
2008-04-11 03:58:20	206374	104307
2008-04-11 03:58:20	49266	104307
2008-04-11 03:58:20	170019	104307
2008-04-11 03:58:20	196944	104307
2008-04-11 03:58:20	206359	104307
2008-04-11 03:58:20	312258	104307
2008-04-11 03:58:20	59585	104307
2008-04-11 03:58:20	170396	104307
2008-04-11 03:58:20	197292	104307
2008-04-11 03:58:20	206360	104307
2008-04-11 03:58:20	358007	104307
2008-04-11 03:58:20	67202	104307
2008-04-11 03:58:20	170478	104307
2008-04-11 03:58:20	197410	104307
2008-04-11 03:58:20	206361	104307
2008-04-11 03:58:20	414144	104307
2008-04-11 03:58:20	70993	104307
2008-04-11 03:58:20	170609	104307
2008-04-11 03:58:20	203199	104307
2008-04-11 03:58:20	206362	104307
2008-04-11 03:58:20	418309	104307
2008-04-11 03:58:20	80352	104307
2008-04-11 03:58:20	171991	104307
2008-04-11 03:58:20	206347	104307
2008-04-11 03:58:20	206363	104307
2008-04-11 03:58:20	507746	104307
2008-04-11 03:58:20	80403	104307
2008-04-11 03:58:20	172400	104307
2008-04-11 03:58:20	206348	104307
2008-04-11 03:58:20	206364	104307
2008-04-11 03:58:20	507747	104307
2008-04-11 03:58:20	98128	104307
2008-04-11 03:58:20	173421	104307
2008-04-11 03:58:20	206349	104307
2008-04-11 03:58:20	206365	104307
2008-04-11 03:58:20	100043	104307
2008-04-11 03:58:20	173514	104307
2008-04-11 03:58:20	206350	104307
2008-04-11 03:58:20	206366	104307
2008-04-11 03:58:20	102991	104307
2008-04-11 03:58:20	174083	104307
2008-04-11 03:58:20	206351	104307
2008-04-11 03:58:20	206367	104307
2008-04-11 03:58:20	110498	104307
2008-04-11 03:58:20	182287	104307
2008-04-11 03:58:20	206352	104307
2008-04-11 03:58:20	206368	104307
2008-04-11 03:58:20	111443	104307
2008-04-11 03:58:20	187564	104307
2008-04-11 03:58:20	206353	104307
2008-04-11 03:58:20	206369	104307
2008-04-11 03:58:20	119636	104307
2008-04-11 03:58:20	187968	104307
2008-04-11 03:58:20	206354	104307
2008-04-11 03:58:20	206370	104307
2008-04-11 03:58:20	20038	104307
2008-04-11 03:58:20	145682	104307
2008-04-11 03:58:20	196594	104307
2008-04-11 03:58:20	206355	104307
2008-04-11 03:58:20	206371	104307
2008-04-11 03:58:20	20469	104307
2008-04-11 03:58:20	151619	104307
2008-04-11 03:58:20	196602	104307
2008-04-11 03:58:20	206356	104307
2008-04-11 03:58:20	206372	104307
2008-04-11 10:19:47	59741	78852
2008-04-11 10:19:47	172474	78852
2008-04-11 10:19:47	69820	78852
2008-04-11 10:19:47	173234	78852
2008-04-11 10:19:47	2638	78852
2008-04-11 10:19:47	76348	78852
2008-04-11 10:19:47	175103	78852
2008-04-11 10:19:47	14527	78852
2008-04-11 10:19:47	76561	78852
2008-04-11 10:19:47	175556	78852
2008-04-11 10:19:47	17402	78852
2008-04-11 10:19:47	78306	78852
2008-04-11 10:19:47	178284	78852
2008-04-11 10:19:47	20038	78852
2008-04-11 10:19:47	80352	78852
2008-04-11 10:19:47	179438	78852
2008-04-11 10:19:47	22053	78852
2008-04-11 10:19:47	124155	78852
2008-04-11 10:19:47	22511	78852
2008-04-11 10:19:47	150011	78852
2008-04-11 10:19:47	27558	78852
2008-04-11 10:19:47	164436	78852
2008-04-11 10:19:47	27597	78852
2008-04-11 10:19:47	169886	78852
2008-04-11 10:19:47	30535	78852
2008-04-11 10:19:47	169975	78852
2008-04-11 10:19:47	31607	78852
2008-04-11 10:19:47	170043	78852
2008-04-11 10:19:47	43434	78852
2008-04-11 10:19:47	170069	78852
2008-04-11 10:19:47	46880	78852
2008-04-11 10:19:47	170219	78852
2008-04-11 10:19:47	56175	78852
2008-04-11 10:19:47	170622	78852
2008-04-11 10:19:47	59269	78852
2008-04-11 10:19:47	171422	78852
2008-04-21 15:19:21	21132	106161
2008-04-21 15:19:21	47063	106161
2008-04-21 15:19:21	73923	106161
2008-04-21 15:19:21	204497	106161
2008-04-21 15:19:21	204893	106161
2008-06-19 07:30:53	76310	75984
2008-06-19 07:30:53	155195	75984
2008-06-19 07:30:53	155199	75984
2008-06-19 07:30:53	155259	75984
2008-06-19 07:30:53	155366	75984
2008-06-19 07:30:53	155543	75984
2008-06-19 07:30:53	155842	75984
2008-06-19 07:30:53	155862	75984
2008-06-19 07:30:53	155864	75984
2008-06-19 07:30:53	155868	75984
2008-06-19 07:30:53	175872	75984
2008-08-07 20:58:22	31886	101472
2008-08-07 20:58:22	181085	101472
2008-08-07 20:58:22	192317	101472
2008-08-07 20:58:22	192337	101472
2008-08-07 20:58:22	192353	101472
2008-08-24 01:02:18	95341	105378
2008-08-24 01:02:18	169669	105378
2008-08-24 01:02:18	178811	105378
2008-08-24 01:02:18	194536	105378
2008-08-24 01:02:18	200563	105378
2008-08-24 01:02:18	200644	105378
2008-08-24 01:02:18	201230	105378
2008-10-14 01:24:47	9875	289
2008-10-14 01:24:47	10064	289
2008-10-14 01:24:47	14129	289
2008-10-14 01:24:47	258028	289
2008-10-14 01:24:47	258031	289
2008-10-20 15:29:03	27561	79166
2008-10-20 15:29:03	27603	79166
2008-10-20 15:29:03	27885	79166
2008-10-20 15:29:03	11124	79166
2008-10-20 15:29:03	16170	79166
2009-01-16 02:15:18	12105	9
2009-01-16 02:15:18	16672	9
2009-01-16 02:15:18	5793	9
2009-01-16 02:15:18	12307	9
2009-01-16 02:15:18	16675	9
2009-01-16 02:15:18	11027	9
2009-01-16 02:15:18	12553	9
2009-01-16 02:15:18	195780	9
2009-01-16 02:15:18	11062	9
2009-01-16 02:15:18	12555	9
2009-01-16 02:15:18	507730	9
2009-01-16 02:15:18	11069	9
2009-01-16 02:15:18	12558	9
2009-01-16 02:15:18	507731	9
2009-01-16 02:15:18	11398	9
2009-01-16 02:15:18	12560	9
2009-01-16 02:15:18	507732	9
2009-01-16 02:15:18	11419	9
2009-01-16 02:15:18	12563	9
2009-01-16 02:15:18	507733	9
2009-01-16 02:15:18	11667	9
2009-01-16 02:15:18	12566	9
2009-01-16 02:15:18	507734	9
2009-01-16 02:15:18	11676	9
2009-01-16 02:15:18	12579	9
2009-01-16 02:15:18	11703	9
2009-01-16 02:15:18	12610	9
2009-01-16 02:15:18	11917	9
2009-01-16 02:15:18	12637	9
2009-01-16 02:15:18	11960	9
2009-01-16 02:15:18	12698	9
2009-01-16 02:15:18	12004	9
2009-01-16 02:15:18	12722	9
2009-01-16 02:15:18	12011	9
2009-01-16 02:15:18	13157	9
2009-01-16 02:15:18	12033	9
2009-01-16 02:15:18	13224	9
2009-01-16 02:15:18	12060	9
2009-01-16 02:15:18	13534	9
2009-02-16 22:51:54	71003	1
2009-02-16 22:51:54	75250	1
2009-02-16 22:51:54	76090	1
2009-02-16 22:51:54	114376	1
2009-02-16 22:51:54	126754	1
2009-02-16 22:51:54	199873	1
2009-02-16 22:51:54	205343	1
2009-02-16 22:51:54	205525	1
2009-02-16 22:51:54	205526	1
2009-02-16 22:51:54	205528	1
2009-02-16 22:51:54	206308	1
2009-03-05 20:14:18	146758	78835
2009-03-05 20:14:18	172572	78835
2009-03-05 20:14:18	47627	78835
2009-03-05 20:14:18	118323	78835
2009-03-05 20:14:18	141772	78835
2009-03-05 20:14:18	141896	78835
2009-03-05 20:14:18	141912	78835
2009-03-05 20:14:18	142053	78835
2009-03-05 20:14:18	142077	78835
2009-03-22 08:32:25	15946	7242
2009-03-22 08:32:25	510	7242
2009-04-04 00:20:14	9121	25875
2009-04-04 00:20:14	9525	25875
2009-04-04 00:20:14	16599	25875
2009-04-04 00:20:14	19815	25875
2009-04-04 00:20:14	76381	25875
2009-04-04 00:20:14	76382	25875
2009-04-04 00:20:14	76383	25875
2009-04-04 00:20:14	76395	25875
2009-04-04 00:20:14	76399	25875
2009-04-04 00:20:14	76403	25875
2009-04-04 00:20:14	91973	25875
2009-04-04 00:20:14	93517	25875
2009-04-25 07:34:25	13646	8955
2009-04-25 07:34:25	25010	8955
2009-04-25 07:34:25	25016	8955
2009-04-27 23:09:51	11067	3750
2009-04-27 23:09:51	11082	3750
2009-04-27 23:09:51	11109	3750
2009-05-21 03:38:37	8646	79163
2009-05-21 03:38:37	9487	79163
2009-05-21 03:38:37	18654	79163
2009-05-21 03:38:37	32661	79163
2009-05-21 03:38:37	32684	79163
2009-05-21 03:38:37	40586	79163
2009-05-21 03:38:37	179501	79163
2009-05-21 03:38:37	197374	79163
2009-05-28 00:29:46	30793	24292
2009-05-28 00:29:46	30794	24292
2009-05-28 00:29:46	76094	24292
2009-05-28 00:29:46	507735	24292
2009-05-28 00:29:46	2969	24292
2009-05-28 00:29:46	11067	24292
2009-05-28 00:29:46	11103	24292
2009-05-28 00:29:46	11106	24292
2009-05-28 00:29:46	11107	24292
2009-05-28 00:29:46	11705	24292
2009-05-28 00:29:46	11766	24292
2009-05-28 00:29:46	19286	24292
2009-05-28 00:29:46	30394	24292
2009-05-28 00:29:46	30545	24292
2009-05-31 17:20:32	210246	107535
2009-05-31 17:20:32	38749	107535
2009-05-31 17:20:32	80354	107535
2009-05-31 17:20:32	124781	107535
2009-05-31 17:20:32	152181	107535
2009-05-31 17:20:32	192524	107535
2009-05-31 17:20:32	206126	107535
2009-05-31 17:20:32	209249	107535
2009-05-31 17:20:32	209280	107535
2009-06-07 03:27:42	36737	64176
2009-06-07 03:27:42	70041	64176
2009-06-07 03:27:42	135977	64176
2009-06-07 03:27:42	136071	64176
2009-09-09 12:55:16	64815	71786
2009-09-09 12:55:16	64816	71786
2009-09-09 12:55:16	149360	71786
2009-09-09 12:55:16	149415	71786
2009-09-16 20:15:12	136347	95385
2009-09-16 20:15:12	190314	95385
2009-09-16 20:15:12	164436	95385
2009-09-16 20:15:12	197455	95385
2009-09-16 20:15:12	170043	95385
2009-09-16 20:15:12	197456	95385
2009-09-16 20:15:12	170069	95385
2009-09-16 20:15:12	197457	95385
2009-09-16 20:15:12	170666	95385
2009-09-16 20:15:12	501865	95385
2009-09-16 20:15:12	170972	95385
2009-09-16 20:15:12	171293	95385
2009-09-16 20:15:12	171398	95385
2009-09-16 20:15:12	171848	95385
2009-09-16 20:15:12	172255	95385
2009-09-16 20:15:12	173903	95385
2009-09-16 20:15:12	19308	95385
2009-09-16 20:15:12	174198	95385
2009-09-16 20:15:12	20866	95385
2009-09-16 20:15:12	174326	95385
2009-09-16 20:15:12	23154	95385
2009-09-16 20:15:12	185881	95385
2009-09-16 20:15:12	43434	95385
2009-09-16 20:15:12	186501	95385
2009-09-16 20:15:12	103685	95385
2009-09-16 20:15:12	190306	95385
2009-10-19 06:41:32	27885	101997
2009-10-19 06:41:32	178811	101997
2009-10-19 06:41:32	194545	101997
2009-10-22 06:55:54	30471	9215
2009-10-22 06:55:54	30550	9215
2009-10-22 06:55:54	31764	9215
2009-10-22 06:55:54	31972	9215
2009-10-22 06:55:54	109447	9215
2009-10-22 06:55:54	23736	9215
2009-10-22 06:55:54	30281	9215
2009-10-22 06:55:54	30282	9215
2009-10-22 06:55:54	30285	9215
2009-10-22 06:55:54	30286	9215
2009-10-22 06:55:54	30288	9215
2009-10-22 06:55:54	30291	9215
2009-10-22 06:55:54	30300	9215
2009-10-22 06:55:54	30313	9215
2009-10-22 06:55:54	30345	9215
2009-10-22 06:55:54	30464	9215
2009-11-16 12:01:45	55755	15018
2009-11-16 12:01:45	30620	15018
2009-11-16 12:01:45	33696	15018
2009-11-16 12:01:45	42585	15018
2009-11-16 12:01:45	55075	15018
2009-11-16 12:01:45	55095	15018
2009-11-16 12:01:45	55731	15018
2009-12-24 23:16:23	15032	64918
2009-12-24 23:16:23	25715	64918
2009-12-24 23:16:23	122698	64918
2010-01-02 11:17:06	14382	5
2010-01-02 11:17:06	14405	5
2010-01-02 11:17:06	402	5
2010-01-02 11:17:06	414	5
2010-01-02 11:17:06	416	5
2010-01-02 11:17:06	480	5
2010-01-02 11:17:06	481	5
2010-01-02 11:17:06	504	5
2010-01-02 11:17:06	14289	5
2010-01-05 00:21:21	113579	51671
2010-01-05 00:21:21	113639	51671
2010-01-05 00:21:21	113974	51671
2010-01-05 00:21:21	114355	51671
2010-01-05 00:21:21	507743	51671
2010-01-05 00:21:21	507744	51671
2010-01-05 00:21:21	3491	51671
2010-01-05 00:21:21	11800	51671
2010-01-05 00:21:21	37030	51671
2010-01-05 00:21:21	70289	51671
2010-01-05 00:21:21	97313	51671
2010-01-05 00:21:21	112604	51671
2010-01-05 00:21:21	113175	51671
2010-01-12 00:35:54	39336	12976
2010-01-12 00:35:54	39353	12976
2010-01-12 00:35:54	39394	12976
2010-01-25 04:03:24	5762	26388
2010-01-25 04:03:24	76841	26388
2010-01-25 04:03:24	78066	26388
2010-01-25 04:03:24	81171	26388
2010-01-25 04:03:24	81172	26388
2010-01-25 04:03:24	81176	26388
2010-01-25 04:03:24	81224	26388
2010-01-25 04:03:24	81254	26388
2010-02-07 01:17:58	45814	14912
2010-02-07 01:17:58	54016	14912
2010-03-02 21:05:30	30912	15974
2010-03-02 21:05:30	42789	15974
2010-03-02 21:05:30	54700	15974
2010-03-02 21:05:30	55579	15974
2010-03-02 21:05:30	59156	15974
2010-03-17 07:09:33	160737	77319
2010-03-17 07:09:33	162614	77319
2010-03-24 04:58:01	106691	50618
2010-04-06 19:11:59	5301	72032
2010-04-06 19:11:59	21948	72032
2010-04-06 19:11:59	25950	72032
2010-04-06 19:11:59	149934	72032
2010-04-06 19:11:59	150043	72032
2010-04-06 19:11:59	150286	72032
2010-04-07 05:13:26	21292	107186
2010-04-07 05:13:26	32659	107186
2010-04-07 05:13:26	57729	107186
2010-04-07 05:13:26	73913	107186
2010-04-07 05:13:26	107143	107186
2010-04-07 05:13:26	166006	107186
2010-04-07 05:13:26	196625	107186
2010-04-07 05:13:26	204499	107186
2010-04-07 05:13:26	206185	107186
2010-04-07 05:13:26	207379	107186
2010-04-07 05:13:26	207395	107186
2010-04-07 05:13:26	207411	107186
2010-04-07 05:13:26	207427	107186
2010-04-07 05:13:26	207443	107186
2010-04-07 05:13:26	207459	107186
2010-04-07 05:13:26	207477	107186
2010-04-07 05:13:26	207493	107186
2010-04-07 05:13:26	207509	107186
2010-04-07 05:13:26	331975	107186
2010-04-07 05:13:26	21563	107186
2010-04-07 05:13:26	32776	107186
2010-04-07 05:13:26	57757	107186
2010-04-07 05:13:26	73923	107186
2010-04-07 05:13:26	118528	107186
2010-04-07 05:13:26	166819	107186
2010-04-07 05:13:26	198595	107186
2010-04-07 05:13:26	204500	107186
2010-04-07 05:13:26	206193	107186
2010-04-07 05:13:26	207380	107186
2010-04-07 05:13:26	207396	107186
2010-04-07 05:13:26	207412	107186
2010-04-07 05:13:26	207428	107186
2010-04-07 05:13:26	207444	107186
2010-04-07 05:13:26	207460	107186
2010-04-07 05:13:26	207478	107186
2010-04-07 05:13:26	207494	107186
2010-04-07 05:13:26	207510	107186
2010-04-07 05:13:26	336985	107186
2010-04-07 05:13:26	21925	107186
2010-04-07 05:13:26	34033	107186
2010-04-07 05:13:26	59317	107186
2010-04-07 05:13:26	74039	107186
2010-04-07 05:13:26	124536	107186
2010-04-07 05:13:26	169895	107186
2010-04-07 05:13:26	203034	107186
2010-04-07 05:13:26	204508	107186
2010-04-07 05:13:26	206262	107186
2010-04-07 05:13:26	207381	107186
2010-04-07 05:13:26	207397	107186
2010-04-07 05:13:26	207413	107186
2010-04-07 05:13:26	207429	107186
2010-04-07 05:13:26	207445	107186
2010-04-07 05:13:26	207461	107186
2010-04-07 05:13:26	207479	107186
2010-04-07 05:13:26	207495	107186
2010-04-07 05:13:26	207511	107186
2010-04-07 05:13:26	374959	107186
2010-04-07 05:13:26	703	107186
2010-04-07 05:13:26	21942	107186
2010-04-07 05:13:26	37071	107186
2010-04-07 05:13:26	59319	107186
2010-04-07 05:13:26	74483	107186
2010-04-07 05:13:26	126439	107186
2010-04-07 05:13:26	169968	107186
2010-04-07 05:13:26	203918	107186
2010-04-07 05:13:26	204517	107186
2010-04-07 05:13:26	207366	107186
2010-04-07 05:13:26	207382	107186
2010-04-07 05:13:26	207398	107186
2010-04-07 05:13:26	207414	107186
2010-04-07 05:13:26	207430	107186
2010-04-07 05:13:26	207446	107186
2010-04-07 05:13:26	207462	107186
2010-04-07 05:13:26	207480	107186
2010-04-07 05:13:26	207496	107186
2010-04-07 05:13:26	207512	107186
2010-04-07 05:13:26	507748	107186
2010-04-07 05:13:26	2643	107186
2010-04-07 05:13:26	22848	107186
2010-04-07 05:13:26	38669	107186
2010-04-07 05:13:26	59803	107186
2010-04-07 05:13:26	74527	107186
2010-04-07 05:13:26	126883	107186
2010-04-07 05:13:26	173191	107186
2010-04-07 05:13:26	204442	107186
2010-04-07 05:13:26	204518	107186
2010-04-07 05:13:26	207367	107186
2010-04-07 05:13:26	207383	107186
2010-04-07 05:13:26	207399	107186
2010-04-07 05:13:26	207415	107186
2010-04-07 05:13:26	207431	107186
2010-04-07 05:13:26	207447	107186
2010-04-07 05:13:26	207464	107186
2010-04-07 05:13:26	207481	107186
2010-04-07 05:13:26	207497	107186
2010-04-07 05:13:26	207513	107186
2010-04-07 05:13:26	507749	107186
2010-04-07 05:13:26	6917	107186
2010-04-07 05:13:26	23869	107186
2010-04-07 05:13:26	42472	107186
2010-04-07 05:13:26	67954	107186
2010-04-07 05:13:26	74729	107186
2010-04-07 05:13:26	129946	107186
2010-04-07 05:13:26	174115	107186
2010-04-07 05:13:26	204443	107186
2010-04-07 05:13:26	204521	107186
2010-04-07 05:13:26	207368	107186
2010-04-07 05:13:26	207384	107186
2010-04-07 05:13:26	207400	107186
2010-04-07 05:13:26	207416	107186
2010-04-07 05:13:26	207432	107186
2010-04-07 05:13:26	207448	107186
2010-04-07 05:13:26	207465	107186
2010-04-07 05:13:26	207482	107186
2010-04-07 05:13:26	207498	107186
2010-04-07 05:13:26	207514	107186
2010-04-07 05:13:26	507750	107186
2010-04-07 05:13:26	7566	107186
2010-04-07 05:13:26	25140	107186
2010-04-07 05:13:26	47904	107186
2010-04-07 05:13:26	69410	107186
2010-04-07 05:13:26	80662	107186
2010-04-07 05:13:26	133733	107186
2010-04-07 05:13:26	174336	107186
2010-04-07 05:13:26	204447	107186
2010-04-07 05:13:26	204528	107186
2010-04-07 05:13:26	207369	107186
2010-04-07 05:13:26	207385	107186
2010-04-07 05:13:26	207401	107186
2010-04-07 05:13:26	207417	107186
2010-04-07 05:13:26	207433	107186
2010-04-07 05:13:26	207449	107186
2010-04-07 05:13:26	207466	107186
2010-04-07 05:13:26	207483	107186
2010-04-07 05:13:26	207499	107186
2010-04-07 05:13:26	207515	107186
2010-04-07 05:13:26	507751	107186
2010-04-07 05:13:26	7649	107186
2010-04-07 05:13:26	26209	107186
2010-04-07 05:13:26	50215	107186
2010-04-07 05:13:26	69862	107186
2010-04-07 05:13:26	81176	107186
2010-04-07 05:13:26	134493	107186
2010-04-07 05:13:26	174369	107186
2010-04-07 05:13:26	204452	107186
2010-04-07 05:13:26	204531	107186
2010-04-07 05:13:26	207370	107186
2010-04-07 05:13:26	207386	107186
2010-04-07 05:13:26	207402	107186
2010-04-07 05:13:26	207418	107186
2010-04-07 05:13:26	207434	107186
2010-04-07 05:13:26	207450	107186
2010-04-07 05:13:26	207467	107186
2010-04-07 05:13:26	207484	107186
2010-04-07 05:13:26	207500	107186
2010-04-07 05:13:26	207516	107186
2010-04-07 05:13:26	507752	107186
2010-04-07 05:13:26	7913	107186
2010-04-07 05:13:26	26315	107186
2010-04-07 05:13:26	50544	107186
2010-04-07 05:13:26	70770	107186
2010-04-07 05:13:26	81355	107186
2010-04-07 05:13:26	135114	107186
2010-04-07 05:13:26	176870	107186
2010-04-07 05:13:26	204454	107186
2010-04-07 05:13:26	204533	107186
2010-04-07 05:13:26	207371	107186
2010-04-07 05:13:26	207387	107186
2010-04-07 05:13:26	207403	107186
2010-04-07 05:13:26	207419	107186
2010-04-07 05:13:26	207435	107186
2010-04-07 05:13:26	207451	107186
2010-04-07 05:13:26	207468	107186
2010-04-07 05:13:26	207485	107186
2010-04-07 05:13:26	207501	107186
2010-04-07 05:13:26	207517	107186
2010-04-07 05:13:26	507753	107186
2010-04-07 05:13:26	11271	107186
2010-04-07 05:13:26	27107	107186
2010-04-07 05:13:26	55918	107186
2010-04-07 05:13:26	71024	107186
2010-04-07 05:13:26	82242	107186
2010-04-07 05:13:26	145686	107186
2010-04-07 05:13:26	177684	107186
2010-04-07 05:13:26	204460	107186
2010-04-07 05:13:26	204547	107186
2010-04-07 05:13:26	207372	107186
2010-04-07 05:13:26	207388	107186
2010-04-07 05:13:26	207404	107186
2010-04-07 05:13:26	207420	107186
2010-04-07 05:13:26	207436	107186
2010-04-07 05:13:26	207452	107186
2010-04-07 05:13:26	207469	107186
2010-04-07 05:13:26	207486	107186
2010-04-07 05:13:26	207502	107186
2010-04-07 05:13:26	207518	107186
2010-04-07 05:13:26	507754	107186
2010-04-07 05:13:26	16394	107186
2010-04-07 05:13:26	27115	107186
2010-04-07 05:13:26	56153	107186
2010-04-07 05:13:26	71119	107186
2010-04-07 05:13:26	82425	107186
2010-04-07 05:13:26	149987	107186
2010-04-07 05:13:26	179053	107186
2010-04-07 05:13:26	204464	107186
2010-04-07 05:13:26	204566	107186
2010-04-07 05:13:26	207373	107186
2010-04-07 05:13:26	207389	107186
2010-04-07 05:13:26	207405	107186
2010-04-07 05:13:26	207421	107186
2010-04-07 05:13:26	207437	107186
2010-04-07 05:13:26	207453	107186
2010-04-07 05:13:26	207471	107186
2010-04-07 05:13:26	207487	107186
2010-04-07 05:13:26	207503	107186
2010-04-07 05:13:26	207519	107186
2010-04-07 05:13:26	507755	107186
2010-04-07 05:13:26	16796	107186
2010-04-07 05:13:26	27252	107186
2010-04-07 05:13:26	56884	107186
2010-04-07 05:13:26	71361	107186
2010-04-07 05:13:26	89354	107186
2010-04-07 05:13:26	151945	107186
2010-04-07 05:13:26	179323	107186
2010-04-07 05:13:26	204465	107186
2010-04-07 05:13:26	204756	107186
2010-04-07 05:13:26	207374	107186
2010-04-07 05:13:26	207390	107186
2010-04-07 05:13:26	207406	107186
2010-04-07 05:13:26	207422	107186
2010-04-07 05:13:26	207438	107186
2010-04-07 05:13:26	207454	107186
2010-04-07 05:13:26	207472	107186
2010-04-07 05:13:26	207488	107186
2010-04-07 05:13:26	207504	107186
2010-04-07 05:13:26	207520	107186
2010-04-07 05:13:26	507756	107186
2010-04-07 05:13:26	17951	107186
2010-04-07 05:13:26	28373	107186
2010-04-07 05:13:26	57364	107186
2010-04-07 05:13:26	71520	107186
2010-04-07 05:13:26	96512	107186
2010-04-07 05:13:26	152087	107186
2010-04-07 05:13:26	179333	107186
2010-04-07 05:13:26	204466	107186
2010-04-07 05:13:26	204869	107186
2010-04-07 05:13:26	207375	107186
2010-04-07 05:13:26	207391	107186
2010-04-07 05:13:26	207407	107186
2010-04-07 05:13:26	207423	107186
2010-04-07 05:13:26	207439	107186
2010-04-07 05:13:26	207455	107186
2010-04-07 05:13:26	207473	107186
2010-04-07 05:13:26	207489	107186
2010-04-07 05:13:26	207505	107186
2010-04-07 05:13:26	207522	107186
2010-04-07 05:13:26	18027	107186
2010-04-07 05:13:26	28628	107186
2010-04-07 05:13:26	57379	107186
2010-04-07 05:13:26	71529	107186
2010-04-07 05:13:26	103208	107186
2010-04-07 05:13:26	152482	107186
2010-04-07 05:13:26	179462	107186
2010-04-07 05:13:26	204470	107186
2010-04-07 05:13:26	205924	107186
2010-04-07 05:13:26	207376	107186
2010-04-07 05:13:26	207392	107186
2010-04-07 05:13:26	207408	107186
2010-04-07 05:13:26	207424	107186
2010-04-07 05:13:26	207440	107186
2010-04-07 05:13:26	207456	107186
2010-04-07 05:13:26	207474	107186
2010-04-07 05:13:26	207490	107186
2010-04-07 05:13:26	207506	107186
2010-04-07 05:13:26	210608	107186
2010-04-07 05:13:26	21162	107186
2010-04-07 05:13:26	29280	107186
2010-04-07 05:13:26	57442	107186
2010-04-07 05:13:26	72517	107186
2010-04-07 05:13:26	103636	107186
2010-04-07 05:13:26	154469	107186
2010-04-07 05:13:26	191999	107186
2010-04-07 05:13:26	204477	107186
2010-04-07 05:13:26	205933	107186
2010-04-07 05:13:26	207377	107186
2010-04-07 05:13:26	207393	107186
2010-04-07 05:13:26	207409	107186
2010-04-07 05:13:26	207425	107186
2010-04-07 05:13:26	207441	107186
2010-04-07 05:13:26	207457	107186
2010-04-07 05:13:26	207475	107186
2010-04-07 05:13:26	207491	107186
2010-04-07 05:13:26	207507	107186
2010-04-07 05:13:26	274078	107186
2010-04-07 05:13:26	21244	107186
2010-04-07 05:13:26	29808	107186
2010-04-07 05:13:26	57600	107186
2010-04-07 05:13:26	73458	107186
2010-04-07 05:13:26	104135	107186
2010-04-07 05:13:26	160641	107186
2010-04-07 05:13:26	194480	107186
2010-04-07 05:13:26	204490	107186
2010-04-07 05:13:26	206043	107186
2010-04-07 05:13:26	207378	107186
2010-04-07 05:13:26	207394	107186
2010-04-07 05:13:26	207410	107186
2010-04-07 05:13:26	207426	107186
2010-04-07 05:13:26	207442	107186
2010-04-07 05:13:26	207458	107186
2010-04-07 05:13:26	207476	107186
2010-04-07 05:13:26	207492	107186
2010-04-07 05:13:26	207508	107186
2010-04-07 05:13:26	328928	107186
2010-04-12 11:53:45	11271	107085
2010-04-12 11:53:45	27107	107085
2010-04-12 11:53:45	55918	107085
2010-04-12 11:53:45	71024	107085
2010-04-12 11:53:45	82242	107085
2010-04-12 11:53:45	145686	107085
2010-04-12 11:53:45	177684	107085
2010-04-12 11:53:45	204460	107085
2010-04-12 11:53:45	204547	107085
2010-04-12 11:53:45	207372	107085
2010-04-12 11:53:45	207388	107085
2010-04-12 11:53:45	207404	107085
2010-04-12 11:53:45	207420	107085
2010-04-12 11:53:45	207436	107085
2010-04-12 11:53:45	207452	107085
2010-04-12 11:53:45	207469	107085
2010-04-12 11:53:45	207486	107085
2010-04-12 11:53:45	207502	107085
2010-04-12 11:53:45	207518	107085
2010-04-12 11:53:45	507754	107085
2010-04-12 11:53:45	16394	107085
2010-04-12 11:53:45	27115	107085
2010-04-12 11:53:45	56153	107085
2010-04-12 11:53:45	71119	107085
2010-04-12 11:53:45	82425	107085
2010-04-12 11:53:45	149987	107085
2010-04-12 11:53:45	179053	107085
2010-04-12 11:53:45	204464	107085
2010-04-12 11:53:45	204566	107085
2010-04-12 11:53:45	207373	107085
2010-04-12 11:53:45	207389	107085
2010-04-12 11:53:45	207405	107085
2010-04-12 11:53:45	207421	107085
2010-04-12 11:53:45	207437	107085
2010-04-12 11:53:45	207453	107085
2010-04-12 11:53:45	207471	107085
2010-04-12 11:53:45	207487	107085
2010-04-12 11:53:45	207503	107085
2010-04-12 11:53:45	207519	107085
2010-04-12 11:53:45	507755	107085
2010-04-12 11:53:45	16796	107085
2010-04-12 11:53:45	27252	107085
2010-04-12 11:53:45	56884	107085
2010-04-12 11:53:45	71361	107085
2010-04-12 11:53:45	89354	107085
2010-04-12 11:53:45	151945	107085
2010-04-12 11:53:45	179323	107085
2010-04-12 11:53:45	204465	107085
2010-04-12 11:53:45	204756	107085
2010-04-12 11:53:45	207374	107085
2010-04-12 11:53:45	207390	107085
2010-04-12 11:53:45	207406	107085
2010-04-12 11:53:45	207422	107085
2010-04-12 11:53:45	207438	107085
2010-04-12 11:53:45	207454	107085
2010-04-12 11:53:45	207472	107085
2010-04-12 11:53:45	207488	107085
2010-04-12 11:53:45	207504	107085
2010-04-12 11:53:45	207520	107085
2010-04-12 11:53:45	507756	107085
2010-04-12 11:53:45	17951	107085
2010-04-12 11:53:45	28373	107085
2010-04-12 11:53:45	57364	107085
2010-04-12 11:53:45	71520	107085
2010-04-12 11:53:45	96512	107085
2010-04-12 11:53:45	152087	107085
2010-04-12 11:53:45	179333	107085
2010-04-12 11:53:45	204466	107085
2010-04-12 11:53:45	204869	107085
2010-04-12 11:53:45	207375	107085
2010-04-12 11:53:45	207391	107085
2010-04-12 11:53:45	207407	107085
2010-04-12 11:53:45	207423	107085
2010-04-12 11:53:45	207439	107085
2010-04-12 11:53:45	207455	107085
2010-04-12 11:53:45	207473	107085
2010-04-12 11:53:45	207489	107085
2010-04-12 11:53:45	207505	107085
2010-04-12 11:53:45	207522	107085
2010-04-12 11:53:45	18027	107085
2010-04-12 11:53:45	28628	107085
2010-04-12 11:53:45	57379	107085
2010-04-12 11:53:45	71529	107085
2010-04-12 11:53:45	103208	107085
2010-04-12 11:53:45	152482	107085
2010-04-12 11:53:45	179462	107085
2010-04-12 11:53:45	204470	107085
2010-04-12 11:53:45	205924	107085
2010-04-12 11:53:45	207376	107085
2010-04-12 11:53:45	207392	107085
2010-04-12 11:53:45	207408	107085
2010-04-12 11:53:45	207424	107085
2010-04-12 11:53:45	207440	107085
2010-04-12 11:53:45	207456	107085
2010-04-12 11:53:45	207474	107085
2010-04-12 11:53:45	207490	107085
2010-04-12 11:53:45	207506	107085
2010-04-12 11:53:45	210608	107085
2010-04-12 11:53:45	21162	107085
2010-04-12 11:53:45	29280	107085
2010-04-12 11:53:45	57442	107085
2010-04-12 11:53:45	72517	107085
2010-04-12 11:53:45	103636	107085
2010-04-12 11:53:45	154469	107085
2010-04-12 11:53:45	191999	107085
2010-04-12 11:53:45	204477	107085
2010-04-12 11:53:45	205933	107085
2010-04-12 11:53:45	207377	107085
2010-04-12 11:53:45	207393	107085
2010-04-12 11:53:45	207409	107085
2010-04-12 11:53:45	207425	107085
2010-04-12 11:53:45	207441	107085
2010-04-12 11:53:45	207457	107085
2010-04-12 11:53:45	207475	107085
2010-04-12 11:53:45	207491	107085
2010-04-12 11:53:45	207507	107085
2010-04-12 11:53:45	274078	107085
2010-04-12 11:53:45	21244	107085
2010-04-12 11:53:45	29808	107085
2010-04-12 11:53:45	57600	107085
2010-04-12 11:53:45	73458	107085
2010-04-12 11:53:45	104135	107085
2010-04-12 11:53:45	160641	107085
2010-04-12 11:53:45	194480	107085
2010-04-12 11:53:45	204490	107085
2010-04-12 11:53:45	206043	107085
2010-04-12 11:53:45	207378	107085
2010-04-12 11:53:45	207394	107085
2010-04-12 11:53:45	207410	107085
2010-04-12 11:53:45	207426	107085
2010-04-12 11:53:45	207442	107085
2010-04-12 11:53:45	207458	107085
2010-04-12 11:53:45	207476	107085
2010-04-12 11:53:45	207492	107085
2010-04-12 11:53:45	207508	107085
2010-04-12 11:53:45	328928	107085
2010-04-12 11:53:45	21292	107085
2010-04-12 11:53:45	32659	107085
2010-04-12 11:53:45	57729	107085
2010-04-12 11:53:45	73913	107085
2010-04-12 11:53:45	107143	107085
2010-04-12 11:53:45	166006	107085
2010-04-12 11:53:45	196625	107085
2010-04-12 11:53:45	204499	107085
2010-04-12 11:53:45	206185	107085
2010-04-12 11:53:45	207379	107085
2010-04-12 11:53:45	207395	107085
2010-04-12 11:53:45	207411	107085
2010-04-12 11:53:45	207427	107085
2010-04-12 11:53:45	207443	107085
2010-04-12 11:53:45	207459	107085
2010-04-12 11:53:45	207477	107085
2010-04-12 11:53:45	207493	107085
2010-04-12 11:53:45	207509	107085
2010-04-12 11:53:45	331975	107085
2010-04-12 11:53:45	21563	107085
2010-04-12 11:53:45	32776	107085
2010-04-12 11:53:45	57757	107085
2010-04-12 11:53:45	73923	107085
2010-04-12 11:53:45	118528	107085
2010-04-12 11:53:45	166819	107085
2010-04-12 11:53:45	198595	107085
2010-04-12 11:53:45	204500	107085
2010-04-12 11:53:45	206193	107085
2010-04-12 11:53:45	207380	107085
2010-04-12 11:53:45	207396	107085
2010-04-12 11:53:45	207412	107085
2010-04-12 11:53:45	207428	107085
2010-04-12 11:53:45	207444	107085
2010-04-12 11:53:45	207460	107085
2010-04-12 11:53:45	207478	107085
2010-04-12 11:53:45	207494	107085
2010-04-12 11:53:45	207510	107085
2010-04-12 11:53:45	336985	107085
2010-04-12 11:53:45	21925	107085
2010-04-12 11:53:45	34033	107085
2010-04-12 11:53:45	59317	107085
2010-04-12 11:53:45	74039	107085
2010-04-12 11:53:45	124536	107085
2010-04-12 11:53:45	169895	107085
2010-04-12 11:53:45	203034	107085
2010-04-12 11:53:45	204508	107085
2010-04-12 11:53:45	206262	107085
2010-04-12 11:53:45	207381	107085
2010-04-12 11:53:45	207397	107085
2010-04-12 11:53:45	207413	107085
2010-04-12 11:53:45	207429	107085
2010-04-12 11:53:45	207445	107085
2010-04-12 11:53:45	207461	107085
2010-04-12 11:53:45	207479	107085
2010-04-12 11:53:45	207495	107085
2010-04-12 11:53:45	207511	107085
2010-04-12 11:53:45	374959	107085
2010-04-12 11:53:45	703	107085
2010-04-12 11:53:45	21942	107085
2010-04-12 11:53:45	37071	107085
2010-04-12 11:53:45	59319	107085
2010-04-12 11:53:45	74483	107085
2010-04-12 11:53:45	126439	107085
2010-04-12 11:53:45	169968	107085
2010-04-12 11:53:45	203918	107085
2010-04-12 11:53:45	204517	107085
2010-04-12 11:53:45	207366	107085
2010-04-12 11:53:45	207382	107085
2010-04-12 11:53:45	207398	107085
2010-04-12 11:53:45	207414	107085
2010-04-12 11:53:45	207430	107085
2010-04-12 11:53:45	207446	107085
2010-04-12 11:53:45	207462	107085
2010-04-12 11:53:45	207480	107085
2010-04-12 11:53:45	207496	107085
2010-04-12 11:53:45	207512	107085
2010-04-12 11:53:45	507748	107085
2010-04-12 11:53:45	2643	107085
2010-04-12 11:53:45	22848	107085
2010-04-12 11:53:45	38669	107085
2010-04-12 11:53:45	59803	107085
2010-04-12 11:53:45	74527	107085
2010-04-12 11:53:45	126883	107085
2010-04-12 11:53:45	173191	107085
2010-04-12 11:53:45	204442	107085
2010-04-12 11:53:45	204518	107085
2010-04-12 11:53:45	207367	107085
2010-04-12 11:53:45	207383	107085
2010-04-12 11:53:45	207399	107085
2010-04-12 11:53:45	207415	107085
2010-04-12 11:53:45	207431	107085
2010-04-12 11:53:45	207447	107085
2010-04-12 11:53:45	207464	107085
2010-04-12 11:53:45	207481	107085
2010-04-12 11:53:45	207497	107085
2010-04-12 11:53:45	207513	107085
2010-04-12 11:53:45	507749	107085
2010-04-12 11:53:45	6917	107085
2010-04-12 11:53:45	23869	107085
2010-04-12 11:53:45	42472	107085
2010-04-12 11:53:45	67954	107085
2010-04-12 11:53:45	74729	107085
2010-04-12 11:53:45	129946	107085
2010-04-12 11:53:45	174115	107085
2010-04-12 11:53:45	204443	107085
2010-04-12 11:53:45	204521	107085
2010-04-12 11:53:45	207368	107085
2010-04-12 11:53:45	207384	107085
2010-04-12 11:53:45	207400	107085
2010-04-12 11:53:45	207416	107085
2010-04-12 11:53:45	207432	107085
2010-04-12 11:53:45	207448	107085
2010-04-12 11:53:45	207465	107085
2010-04-12 11:53:45	207482	107085
2010-04-12 11:53:45	207498	107085
2010-04-12 11:53:45	207514	107085
2010-04-12 11:53:45	507750	107085
2010-04-12 11:53:45	7566	107085
2010-04-12 11:53:45	25140	107085
2010-04-12 11:53:45	47904	107085
2010-04-12 11:53:45	69410	107085
2010-04-12 11:53:45	80662	107085
2010-04-12 11:53:45	133733	107085
2010-04-12 11:53:45	174336	107085
2010-04-12 11:53:45	204447	107085
2010-04-12 11:53:45	204528	107085
2010-04-12 11:53:45	207369	107085
2010-04-12 11:53:45	207385	107085
2010-04-12 11:53:45	207401	107085
2010-04-12 11:53:45	207417	107085
2010-04-12 11:53:45	207433	107085
2010-04-12 11:53:45	207449	107085
2010-04-12 11:53:45	207466	107085
2010-04-12 11:53:45	207483	107085
2010-04-12 11:53:45	207499	107085
2010-04-12 11:53:45	207515	107085
2010-04-12 11:53:45	507751	107085
2010-04-12 11:53:45	7649	107085
2010-04-12 11:53:45	26209	107085
2010-04-12 11:53:45	50215	107085
2010-04-12 11:53:45	69862	107085
2010-04-12 11:53:45	81176	107085
2010-04-12 11:53:45	134493	107085
2010-04-12 11:53:45	174369	107085
2010-04-12 11:53:45	204452	107085
2010-04-12 11:53:45	204531	107085
2010-04-12 11:53:45	207370	107085
2010-04-12 11:53:45	207386	107085
2010-04-12 11:53:45	207402	107085
2010-04-12 11:53:45	207418	107085
2010-04-12 11:53:45	207434	107085
2010-04-12 11:53:45	207450	107085
2010-04-12 11:53:45	207467	107085
2010-04-12 11:53:45	207484	107085
2010-04-12 11:53:45	207500	107085
2010-04-12 11:53:45	207516	107085
2010-04-12 11:53:45	507752	107085
2010-04-12 11:53:45	7913	107085
2010-04-12 11:53:45	26315	107085
2010-04-12 11:53:45	50544	107085
2010-04-12 11:53:45	70770	107085
2010-04-12 11:53:45	81355	107085
2010-04-12 11:53:45	135114	107085
2010-04-12 11:53:45	176870	107085
2010-04-12 11:53:45	204454	107085
2010-04-12 11:53:45	204533	107085
2010-04-12 11:53:45	207371	107085
2010-04-12 11:53:45	207387	107085
2010-04-12 11:53:45	207403	107085
2010-04-12 11:53:45	207419	107085
2010-04-12 11:53:45	207435	107085
2010-04-12 11:53:45	207451	107085
2010-04-12 11:53:45	207468	107085
2010-04-12 11:53:45	207485	107085
2010-04-12 11:53:45	207501	107085
2010-04-12 11:53:45	207517	107085
2010-04-12 11:53:45	507753	107085
2010-04-14 17:01:32	62286	62501
2010-04-14 17:01:32	64829	62501
2010-04-14 17:01:32	63519	62501
2010-04-14 17:01:32	64830	62501
2010-04-14 17:01:32	64809	62501
2010-04-14 17:01:32	64831	62501
2010-04-14 17:01:32	64810	62501
2010-04-14 17:01:32	64832	62501
2010-04-14 17:01:32	64811	62501
2010-04-14 17:01:32	64833	62501
2010-04-14 17:01:32	64813	62501
2010-04-14 17:01:32	64835	62501
2010-04-14 17:01:32	64815	62501
2010-04-14 17:01:32	64836	62501
2010-04-14 17:01:32	64816	62501
2010-04-14 17:01:32	64837	62501
2010-04-14 17:01:32	3410	62501
2010-04-14 17:01:32	64817	62501
2010-04-14 17:01:32	64838	62501
2010-04-14 17:01:32	14310	62501
2010-04-14 17:01:32	64820	62501
2010-04-14 17:01:32	64839	62501
2010-04-14 17:01:32	17359	62501
2010-04-14 17:01:32	64821	62501
2010-04-14 17:01:32	64840	62501
2010-04-14 17:01:32	26969	62501
2010-04-14 17:01:32	64822	62501
2010-04-14 17:01:32	64841	62501
2010-04-14 17:01:32	40434	62501
2010-04-14 17:01:32	64823	62501
2010-04-14 17:01:32	64842	62501
2010-04-14 17:01:32	51368	62501
2010-04-14 17:01:32	64824	62501
2010-04-14 17:01:32	64843	62501
2010-04-14 17:01:32	62266	62501
2010-04-14 17:01:32	64826	62501
2010-04-14 17:01:32	128956	62501
2010-04-14 17:01:32	62279	62501
2010-04-14 17:01:32	64827	62501
2010-04-14 17:01:32	132520	62501
2010-05-03 12:08:49	2	2
2010-05-03 12:08:49	1106	2
2010-05-03 12:08:49	1174	2
2010-05-03 12:08:49	10352	2
2010-05-08 22:38:22	47972	63250
2010-05-08 22:38:22	70653	63250
2010-05-08 22:38:22	81271	63250
2010-05-08 22:38:22	95291	63250
2010-05-08 22:38:22	114050	63250
2010-05-08 22:38:22	117845	63250
2010-05-08 22:38:22	136322	63250
2010-05-08 22:38:22	136342	63250
2010-05-08 22:38:22	136448	63250
2010-05-08 22:38:22	136650	63250
2010-05-08 22:38:22	137012	63250
2010-05-08 22:38:22	17542	63250
2010-05-08 22:38:22	442390	63250
2010-05-08 22:38:22	23445	63250
2010-05-08 22:38:22	25678	63250
2010-05-08 22:38:22	26020	63250
2010-05-08 22:38:22	34963	63250
2010-05-11 01:17:33	64809	19580
2010-05-11 01:17:33	64828	19580
2010-05-11 01:17:33	268605	19580
2010-05-11 01:17:33	64810	19580
2010-05-11 01:17:33	64829	19580
2010-05-11 01:17:33	282682	19580
2010-05-11 01:17:33	64811	19580
2010-05-11 01:17:33	64830	19580
2010-05-11 01:17:33	507524	19580
2010-05-11 01:17:33	64813	19580
2010-05-11 01:17:33	64831	19580
2010-05-11 01:17:33	507736	19580
2010-05-11 01:17:33	3410	19580
2010-05-11 01:17:33	64815	19580
2010-05-11 01:17:33	64832	19580
2010-05-11 01:17:33	17359	19580
2010-05-11 01:17:33	64816	19580
2010-05-11 01:17:33	64833	19580
2010-05-11 01:17:33	26969	19580
2010-05-11 01:17:33	64817	19580
2010-05-11 01:17:33	64835	19580
2010-05-11 01:17:33	40434	19580
2010-05-11 01:17:33	64818	19580
2010-05-11 01:17:33	64836	19580
2010-05-11 01:17:33	51368	19580
2010-05-11 01:17:33	64820	19580
2010-05-11 01:17:33	64837	19580
2010-05-11 01:17:33	62190	19580
2010-05-11 01:17:33	64821	19580
2010-05-11 01:17:33	64838	19580
2010-05-11 01:17:33	62192	19580
2010-05-11 01:17:33	64822	19580
2010-05-11 01:17:33	64839	19580
2010-05-11 01:17:33	62193	19580
2010-05-11 01:17:33	64823	19580
2010-05-11 01:17:33	64840	19580
2010-05-11 01:17:33	62266	19580
2010-05-11 01:17:33	64824	19580
2010-05-11 01:17:33	64841	19580
2010-05-11 01:17:33	62279	19580
2010-05-11 01:17:33	64825	19580
2010-05-11 01:17:33	64842	19580
2010-05-11 01:17:33	62286	19580
2010-05-11 01:17:33	64826	19580
2010-05-11 01:17:33	64843	19580
2010-05-11 01:17:33	63519	19580
2010-05-11 01:17:33	64827	19580
2010-05-11 01:17:33	65466	19580
2010-06-04 10:42:05	22516	62502
2010-06-04 10:42:05	76439	62502
2010-06-04 10:42:05	97407	62502
2010-06-04 10:42:05	113768	62502
2010-06-04 10:42:05	114944	62502
2010-06-04 10:42:05	122700	62502
2010-06-04 10:42:05	131926	62502
2010-06-04 10:42:05	131948	62502
2010-06-04 10:42:05	132113	62502
2010-06-04 10:42:05	132375	62502
2010-06-04 10:42:05	136455	62502
2010-06-25 03:35:22	42830	14327
2010-06-25 03:35:22	54415	14327
2010-06-30 04:03:33	64261	19786
2010-06-30 04:03:33	64280	19786
2010-06-30 04:03:33	64398	19786
2010-06-30 04:03:33	64594	19786
2010-06-30 04:03:33	66815	19786
2010-07-13 03:15:33	24813	76945
2010-07-13 03:15:33	45213	76945
2010-07-13 03:15:33	76126	76945
2010-07-13 03:15:33	153568	76945
2010-07-13 03:15:33	158876	76945
2010-07-13 03:15:33	158898	76945
2010-07-13 03:15:33	158961	76945
2010-07-23 02:06:36	21541	13566
2010-07-23 02:06:36	42458	13566
2010-07-23 02:06:36	43167	13566
2010-07-23 02:06:36	51283	13566
2010-07-23 02:06:36	51317	13566
2010-07-23 02:06:36	23973	13566
2010-07-23 02:06:36	42459	13566
2010-07-23 02:06:36	43184	13566
2010-07-23 02:06:36	51285	13566
2010-07-23 02:06:36	26465	13566
2010-07-23 02:06:36	42486	13566
2010-07-23 02:06:36	43207	13566
2010-07-23 02:06:36	51286	13566
2010-07-23 02:06:36	30989	13566
2010-07-23 02:06:36	42562	13566
2010-07-23 02:06:36	43229	13566
2010-07-23 02:06:36	51288	13566
2010-07-23 02:06:36	34657	13566
2010-07-23 02:06:36	42590	13566
2010-07-23 02:06:36	43236	13566
2010-07-23 02:06:36	51291	13566
2010-07-23 02:06:36	40237	13566
2010-07-23 02:06:36	42600	13566
2010-07-23 02:06:36	43310	13566
2010-07-23 02:06:36	51293	13566
2010-07-23 02:06:36	42385	13566
2010-07-23 02:06:36	42651	13566
2010-07-23 02:06:36	43322	13566
2010-07-23 02:06:36	51296	13566
2010-07-23 02:06:36	42387	13566
2010-07-23 02:06:36	42770	13566
2010-07-23 02:06:36	43357	13566
2010-07-23 02:06:36	51298	13566
2010-07-23 02:06:36	42389	13566
2010-07-23 02:06:36	42810	13566
2010-07-23 02:06:36	43365	13566
2010-07-23 02:06:36	51301	13566
2010-07-23 02:06:36	42391	13566
2010-07-23 02:06:36	42862	13566
2010-07-23 02:06:36	43752	13566
2010-07-23 02:06:36	51303	13566
2010-07-23 02:06:36	42392	13566
2010-07-23 02:06:36	42900	13566
2010-07-23 02:06:36	46361	13566
2010-07-23 02:06:36	51306	13566
2010-07-23 02:06:36	42393	13566
2010-07-23 02:06:36	42911	13566
2010-07-23 02:06:36	48085	13566
2010-07-23 02:06:36	51308	13566
2010-07-23 02:06:36	42406	13566
2010-07-23 02:06:36	42976	13566
2010-07-23 02:06:36	51273	13566
2010-07-23 02:06:36	51310	13566
2010-07-23 02:06:36	42425	13566
2010-07-23 02:06:36	43004	13566
2010-07-23 02:06:36	51276	13566
2010-07-23 02:06:36	51311	13566
2010-07-23 02:06:36	42427	13566
2010-07-23 02:06:36	43151	13566
2010-07-23 02:06:36	51279	13566
2010-07-23 02:06:36	51314	13566
2010-07-23 02:06:36	9651	13566
2010-07-23 02:06:36	42439	13566
2010-07-23 02:06:36	43161	13566
2010-07-23 02:06:36	51281	13566
2010-07-23 02:06:36	51315	13566
2010-08-25 01:22:36	3	3
2010-08-25 01:22:36	693	3
2010-08-25 01:22:36	850	3
2010-08-25 01:22:36	507728	3
2010-09-11 00:17:48	28963	9636
2010-09-11 00:17:48	127535	9636
2010-09-11 00:17:48	29048	9636
2010-09-11 00:17:48	127536	9636
2010-09-11 00:17:48	29161	9636
2010-09-11 00:17:48	174656	9636
2010-09-11 00:17:48	29172	9636
2010-09-11 00:17:48	29371	9636
2010-09-11 00:17:48	3468	9636
2010-09-11 00:17:48	29598	9636
2010-09-11 00:17:48	9441	9636
2010-09-11 00:17:48	30083	9636
2010-09-11 00:17:48	9652	9636
2010-09-11 00:17:48	30343	9636
2010-09-11 00:17:48	11258	9636
2010-09-11 00:17:48	30620	9636
2010-09-11 00:17:48	11260	9636
2010-09-11 00:17:48	30634	9636
2010-09-11 00:17:48	16660	9636
2010-09-11 00:17:48	31492	9636
2010-09-11 00:17:48	17548	9636
2010-09-11 00:17:48	33072	9636
2010-09-11 00:17:48	21052	9636
2010-09-11 00:17:48	54793	9636
2010-09-11 00:17:48	28891	9636
2010-09-11 00:17:48	72858	9636
2010-09-11 00:17:48	28925	9636
2010-09-11 00:17:48	79752	9636
2010-09-11 00:17:48	28928	9636
2010-09-11 00:17:48	102239	9636
2010-09-15 13:20:04	185804	91331
2010-09-15 13:20:04	186040	91331
2010-09-15 13:20:04	21320	91331
2010-09-15 13:20:04	186343	91331
2010-09-15 13:20:04	31570	91331
2010-09-15 13:20:04	186837	91331
2010-09-15 13:20:04	31790	91331
2010-09-15 13:20:04	187153	91331
2010-09-15 13:20:04	32949	91331
2010-09-15 13:20:04	187175	91331
2010-09-15 13:20:04	74821	91331
2010-09-15 13:20:04	187849	91331
2010-09-15 13:20:04	81288	91331
2010-09-15 13:20:04	187976	91331
2010-09-15 13:20:04	84621	91331
2010-09-15 13:20:04	188945	91331
2010-09-15 13:20:04	84987	91331
2010-09-15 13:20:04	204567	91331
2010-09-15 13:20:04	100650	91331
2010-09-15 13:20:04	313905	91331
2010-09-15 13:20:04	118188	91331
2010-09-15 13:20:04	161250	91331
2010-09-15 13:20:04	170096	91331
2010-09-15 13:20:04	170299	91331
2010-09-15 13:20:04	173043	91331
2010-09-15 23:59:47	16574	7427
2010-09-21 09:17:06	135842	65107
2010-09-28 01:22:42	16786	42644
2010-09-28 01:22:42	92299	42644
2010-10-02 23:53:38	34301	12554
2010-10-02 23:53:38	34485	12554
2010-10-02 23:53:38	35046	12554
2010-10-20 07:10:09	27252	106160
2010-10-20 07:10:09	179333	106160
2010-10-20 07:10:09	204442	106160
2010-10-20 07:10:09	204445	106160
2010-10-20 07:10:09	204466	106160
2010-10-20 07:10:09	7566	106160
2010-11-09 19:22:21	71840	22981
2010-11-09 19:22:21	72309	22981
2010-11-09 19:22:21	73885	22981
2010-11-09 19:22:21	74714	22981
2010-11-09 19:22:21	76053	22981
2010-11-09 19:22:21	16796	22981
2010-11-09 19:22:21	32776	22981
2010-11-09 19:22:21	37110	22981
2010-11-09 19:22:21	40017	22981
2010-11-09 19:22:21	70526	22981
2010-11-09 19:22:21	71462	22981
2010-11-09 19:22:21	71492	22981
2010-11-09 19:22:21	71529	22981
2010-11-09 19:22:21	71561	22981
2010-11-09 19:22:21	71635	22981
2010-12-20 01:16:43	1207	454
2010-12-20 01:16:43	1269	454
2010-12-20 01:16:43	1183	454
2010-12-20 01:16:43	1189	454
2010-12-20 01:16:43	1196	454
2010-12-20 01:16:43	1201	454
2010-12-27 18:18:58	15	11
2010-12-27 18:18:58	2513	11
2010-12-27 18:18:58	2528	11
2010-12-27 18:18:58	2596	11
2010-12-29 09:40:07	10004	12
2010-12-29 09:40:07	25544	12
2010-12-29 09:40:07	10231	12
2010-12-29 09:40:07	25613	12
2010-12-29 09:40:07	15444	12
2010-12-29 09:40:07	25666	12
2010-12-29 09:40:07	15459	12
2010-12-29 09:40:07	25743	12
2010-12-29 09:40:07	15972	12
2010-12-29 09:40:07	25833	12
2010-12-29 09:40:07	16473	12
2010-12-29 09:40:07	25897	12
2010-12-29 09:40:07	25122	12
2010-12-29 09:40:07	29045	12
2010-12-29 09:40:07	25126	12
2010-12-29 09:40:07	25130	12
2010-12-29 09:40:07	25141	12
2010-12-29 09:40:07	25158	12
2010-12-29 09:40:07	25180	12
2010-12-29 09:40:07	25258	12
2010-12-29 09:40:07	4351	12
2010-12-29 09:40:07	25385	12
2010-12-29 09:40:07	9962	12
2010-12-29 09:40:07	25408	12
2010-12-29 09:40:07	9980	12
2010-12-29 09:40:07	25452	12
2011-01-03 10:10:05	68399	22980
2011-01-03 10:10:05	68471	22980
2011-01-03 10:10:05	68475	22980
2011-01-03 10:10:05	69327	22980
2011-01-03 10:10:05	69482	22980
2011-01-03 10:10:05	506736	22980
2011-01-03 10:10:05	5052	22980
2011-01-03 10:10:05	68370	22980
2011-01-03 10:10:05	68371	22980
2011-01-03 10:10:05	68376	22980
2011-01-03 10:10:05	68377	22980
2011-01-03 10:10:05	68389	22980
2011-01-03 10:10:05	68391	22980
2011-01-04 07:18:51	12743	3583
2011-01-04 07:18:51	13007	3583
2011-01-04 07:18:51	13714	3583
2011-01-04 07:18:51	16822	3583
2011-01-04 07:18:51	12747	3583
2011-01-04 07:18:51	13026	3583
2011-01-04 07:18:51	13754	3583
2011-01-04 07:18:51	21540	3583
2011-01-04 07:18:51	12771	3583
2011-01-04 07:18:51	13028	3583
2011-01-04 07:18:51	13854	3583
2011-01-04 07:18:51	25742	3583
2011-01-04 07:18:51	12775	3583
2011-01-04 07:18:51	13099	3583
2011-01-04 07:18:51	13868	3583
2011-01-04 07:18:51	27498	3583
2011-01-04 07:18:51	12779	3583
2011-01-04 07:18:51	13104	3583
2011-01-04 07:18:51	13928	3583
2011-01-04 07:18:51	33472	3583
2011-01-04 07:18:51	3895	3583
2011-01-04 07:18:51	12783	3583
2011-01-04 07:18:51	13112	3583
2011-01-04 07:18:51	13947	3583
2011-01-04 07:18:51	35030	3583
2011-01-04 07:18:51	12639	3583
2011-01-04 07:18:51	12796	3583
2011-01-04 07:18:51	13148	3583
2011-01-04 07:18:51	14072	3583
2011-01-04 07:18:51	130199	3583
2011-01-04 07:18:51	12651	3583
2011-01-04 07:18:51	12805	3583
2011-01-04 07:18:51	13158	3583
2011-01-04 07:18:51	14187	3583
2011-01-04 07:18:51	178222	3583
2011-01-04 07:18:51	12660	3583
2011-01-04 07:18:51	12823	3583
2011-01-04 07:18:51	13197	3583
2011-01-04 07:18:51	14354	3583
2011-01-04 07:18:51	214988	3583
2011-01-04 07:18:51	12665	3583
2011-01-04 07:18:51	12845	3583
2011-01-04 07:18:51	13289	3583
2011-01-04 07:18:51	14420	3583
2011-01-04 07:18:51	266174	3583
2011-01-04 07:18:51	12669	3583
2011-01-04 07:18:51	12879	3583
2011-01-04 07:18:51	13347	3583
2011-01-04 07:18:51	14761	3583
2011-01-04 07:18:51	507533	3583
2011-01-04 07:18:51	12677	3583
2011-01-04 07:18:51	12893	3583
2011-01-04 07:18:51	13518	3583
2011-01-04 07:18:51	14816	3583
2011-01-04 07:18:51	12681	3583
2011-01-04 07:18:51	12898	3583
2011-01-04 07:18:51	13586	3583
2011-01-04 07:18:51	15073	3583
2011-01-04 07:18:51	12687	3583
2011-01-04 07:18:51	12906	3583
2011-01-04 07:18:51	13590	3583
2011-01-04 07:18:51	15074	3583
2011-01-04 07:18:51	12689	3583
2011-01-04 07:18:51	12924	3583
2011-01-04 07:18:51	13692	3583
2011-01-04 07:18:51	15773	3583
2011-01-04 07:18:51	12730	3583
2011-01-04 07:18:51	12929	3583
2011-01-04 07:18:51	13709	3583
2011-01-04 07:18:51	15985	3583
2011-01-09 19:41:02	8304	3437
2011-01-09 19:41:02	9173	3437
2011-01-09 19:41:02	9185	3437
2011-02-08 09:19:18	30953	14328
2011-02-08 09:19:18	31802	14328
2011-02-08 09:19:18	43540	14328
2011-02-08 09:19:18	46231	14328
2011-02-08 09:19:18	52446	14328
2011-02-14 04:38:17	5301	74914
2011-02-14 04:38:17	24596	74914
2011-02-14 04:38:17	149632	74914
2011-02-14 04:38:17	153413	74914
2011-02-14 04:38:17	153555	74914
2011-03-08 03:28:54	59805	17566
2011-03-08 03:28:54	60272	17566
2011-03-25 08:05:14	11258	10380
2011-03-25 08:05:14	19452	10380
2011-03-25 08:05:14	27558	10380
2011-03-25 08:05:14	27561	10380
2011-03-30 06:10:45	8413	10593
2011-03-30 06:10:45	11067	10593
2011-03-30 06:10:45	11705	10593
2011-03-30 06:10:45	11766	10593
2011-03-30 06:10:45	19286	10593
2011-03-30 06:10:45	30394	10593
2011-03-30 06:10:45	30793	10593
2011-03-30 06:10:45	507735	10593
2011-04-18 23:07:41	97316	47382
2011-04-18 23:07:41	106395	47382
2011-04-18 23:07:41	97320	47382
2011-04-18 23:07:41	106396	47382
2011-04-18 23:07:41	97344	47382
2011-04-18 23:07:41	106397	47382
2011-04-18 23:07:41	97508	47382
2011-04-18 23:07:41	106400	47382
2011-04-18 23:07:41	99744	47382
2011-04-18 23:07:41	106402	47382
2011-04-18 23:07:41	106376	47382
2011-04-18 23:07:41	106405	47382
2011-04-18 23:07:41	106377	47382
2011-04-18 23:07:41	106407	47382
2011-04-18 23:07:41	106378	47382
2011-04-18 23:07:41	106408	47382
2011-04-18 23:07:41	106380	47382
2011-04-18 23:07:41	106409	47382
2011-04-18 23:07:41	106383	47382
2011-04-18 23:07:41	507737	47382
2011-04-18 23:07:41	106384	47382
2011-04-18 23:07:41	507738	47382
2011-04-18 23:07:41	21279	47382
2011-04-18 23:07:41	106386	47382
2011-04-18 23:07:41	52884	47382
2011-04-18 23:07:41	106388	47382
2011-04-18 23:07:41	75507	47382
2011-04-18 23:07:41	106389	47382
2011-04-18 23:07:41	83075	47382
2011-04-18 23:07:41	106391	47382
2011-04-18 23:07:41	97313	47382
2011-04-18 23:07:41	106394	47382
2011-07-22 11:52:19	31730	10629
2011-07-22 11:52:19	32347	10629
2011-07-22 11:52:19	32353	10629
2011-07-22 11:52:19	32361	10629
2011-07-22 11:52:19	32377	10629
2011-07-22 11:52:19	32381	10629
2011-07-22 11:52:19	32577	10629
2011-07-22 11:52:19	32652	10629
2011-07-22 11:52:19	34875	10629
2011-07-22 11:52:19	31721	10629
2011-08-12 10:27:25	30277	16134
2011-08-12 10:27:25	55895	16134
2011-08-12 10:27:25	55910	16134
2011-08-12 10:27:25	55952	16134
2011-08-19 21:34:00	123916	59607
2011-08-19 21:34:00	136157	59607
2011-08-19 21:34:00	137918	59607
2011-08-19 21:34:00	137919	59607
2011-08-19 21:34:00	137920	59607
2011-08-19 21:34:00	137922	59607
2011-08-19 21:34:00	17576	59607
2011-08-19 21:34:00	137923	59607
2011-08-19 21:34:00	29548	59607
2011-08-19 21:34:00	507745	59607
2011-08-19 21:34:00	52601	59607
2011-08-19 21:34:00	119661	59607
2011-08-19 21:34:00	119662	59607
2011-08-19 21:34:00	119672	59607
2011-08-19 21:34:00	119705	59607
2011-08-19 21:34:00	119735	59607
2011-08-19 21:34:00	119737	59607
2011-08-19 21:34:00	120256	59607
2011-09-09 00:52:50	33639	23781
2011-09-09 00:52:50	76500	23781
2011-09-09 00:52:50	52586	23781
2011-09-09 00:52:50	76501	23781
2011-09-09 00:52:50	56179	23781
2011-09-09 00:52:50	76502	23781
2011-09-09 00:52:50	57993	23781
2011-09-09 00:52:50	76503	23781
2011-09-09 00:52:50	61000	23781
2011-09-09 00:52:50	76504	23781
2011-09-09 00:52:50	3468	23781
2011-09-09 00:52:50	61142	23781
2011-09-09 00:52:50	76505	23781
2011-09-09 00:52:50	9652	23781
2011-09-09 00:52:50	71285	23781
2011-09-09 00:52:50	11124	23781
2011-09-09 00:52:50	72107	23781
2011-09-09 00:52:50	16101	23781
2011-09-09 00:52:50	72858	23781
2011-09-09 00:52:50	16422	23781
2011-09-09 00:52:50	74886	23781
2011-09-09 00:52:50	16660	23781
2011-09-09 00:52:50	76364	23781
2011-09-09 00:52:50	17548	23781
2011-09-09 00:52:50	76495	23781
2011-09-09 00:52:50	20430	23781
2011-09-09 00:52:50	76496	23781
2011-09-09 00:52:50	25095	23781
2011-09-09 00:52:50	76497	23781
2011-09-09 00:52:50	28480	23781
2011-09-09 00:52:50	76498	23781
2011-09-09 00:52:50	28799	23781
2011-09-09 00:52:50	76499	23781
2011-09-17 15:55:13	58558	16402
2011-09-17 15:55:13	59319	16402
2011-09-17 15:55:13	882	16402
2011-09-17 15:55:13	57224	16402
2011-09-17 15:55:13	57370	16402
2011-09-17 15:55:13	57374	16402
2011-09-17 15:55:13	57379	16402
2011-09-17 15:55:13	57386	16402
2011-10-03 01:25:27	183562	91020
2011-10-03 01:25:27	212765	91020
2011-10-03 01:25:27	14527	91020
2011-10-03 01:25:27	28676	91020
2011-10-03 01:25:27	44035	91020
2011-10-03 01:25:27	44943	91020
2011-10-03 01:25:27	46905	91020
2011-10-03 01:25:27	128529	91020
2011-10-03 01:25:27	151216	91020
2011-10-03 01:25:27	171670	91020
2011-10-03 01:25:27	180647	91020
2011-10-03 01:25:27	180663	91020
2011-10-03 01:25:27	180841	91020
2011-10-03 01:25:27	181973	91020
2011-10-03 01:25:27	182211	91020
2011-10-14 08:05:42	109244	51669
2011-10-14 08:05:42	160928	51669
2011-10-14 08:05:42	109246	51669
2011-10-14 08:05:42	160930	51669
2011-10-14 08:05:42	109247	51669
2011-10-14 08:05:42	160932	51669
2011-10-14 08:05:42	109256	51669
2011-10-14 08:05:42	160933	51669
2011-10-14 08:05:42	109266	51669
2011-10-14 08:05:42	160934	51669
2011-10-14 08:05:42	109280	51669
2011-10-14 08:05:42	507739	51669
2011-10-14 08:05:42	109330	51669
2011-10-14 08:05:42	507740	51669
2011-10-14 08:05:42	109331	51669
2011-10-14 08:05:42	507741	51669
2011-10-14 08:05:42	109533	51669
2011-10-14 08:05:42	507742	51669
2011-10-14 08:05:42	110028	51669
2011-10-14 08:05:42	110095	51669
2011-10-14 08:05:42	112612	51669
2011-10-14 08:05:42	122584	51669
2011-10-14 08:05:42	83325	51669
2011-10-14 08:05:42	125693	51669
2011-10-14 08:05:42	101191	51669
2011-10-14 08:05:42	153615	51669
2011-10-14 08:05:42	104011	51669
2011-10-14 08:05:42	160927	51669
2011-10-18 05:09:04	10	6
2011-11-23 07:27:23	14	10
2011-12-01 15:02:34	205447	107534
2011-12-01 15:02:34	205560	107534
2011-12-01 15:02:34	207718	107534
2011-12-01 15:02:34	207775	107534
2011-12-01 15:02:34	207791	107534
2011-12-01 15:02:34	210665	107534
2011-12-01 15:02:34	210770	107534
2011-12-01 15:02:34	210892	107534
2011-12-01 15:02:34	71003	107534
2011-12-01 15:02:34	102870	107534
2011-12-01 15:02:34	181475	107534
2011-12-01 15:02:34	189964	107534
2011-12-29 08:23:19	81111	27504
2012-02-18 00:19:43	108174	49675
2012-02-25 22:39:13	45331	71787
2012-04-24 04:24:37	6	4
2012-04-28 10:47:18	142169	69158
2012-06-02 04:49:04	402	8
2012-06-02 04:49:04	11082	8
2012-06-02 04:49:04	410	8
2012-06-02 04:49:04	412	8
2012-06-02 04:49:04	416	8
2012-06-02 04:49:04	427	8
2012-06-02 04:49:04	461	8
2012-06-02 04:49:04	473	8
2012-06-02 04:49:04	481	8
2012-06-02 04:49:04	549	8
2012-06-02 04:49:04	684	8
2012-06-02 04:49:04	3589	8
2012-06-02 04:49:04	4025	8
2012-06-02 04:49:04	4028	8
2012-06-02 04:49:04	4031	8
2012-06-02 04:49:04	4033	8
2012-06-02 04:49:04	4035	8
2012-06-07 02:26:16	21925	107672
2012-06-07 02:26:16	34033	107672
2012-06-07 02:26:16	59317	107672
2012-06-07 02:26:16	74039	107672
2012-06-07 02:26:16	124536	107672
2012-06-07 02:26:16	169895	107672
2012-06-07 02:26:16	203034	107672
2012-06-07 02:26:16	204508	107672
2012-06-07 02:26:16	206262	107672
2012-06-07 02:26:16	207381	107672
2012-06-07 02:26:16	207397	107672
2012-06-07 02:26:16	207413	107672
2012-06-07 02:26:16	207429	107672
2012-06-07 02:26:16	207445	107672
2012-06-07 02:26:16	207461	107672
2012-06-07 02:26:16	207479	107672
2012-06-07 02:26:16	207495	107672
2012-06-07 02:26:16	207511	107672
2012-06-07 02:26:16	374959	107672
2012-06-07 02:26:16	703	107672
2012-06-07 02:26:16	21942	107672
2012-06-07 02:26:16	37071	107672
2012-06-07 02:26:16	59319	107672
2012-06-07 02:26:16	74483	107672
2012-06-07 02:26:16	126439	107672
2012-06-07 02:26:16	169968	107672
2012-06-07 02:26:16	203918	107672
2012-06-07 02:26:16	204517	107672
2012-06-07 02:26:16	207366	107672
2012-06-07 02:26:16	207382	107672
2012-06-07 02:26:16	207398	107672
2012-06-07 02:26:16	207414	107672
2012-06-07 02:26:16	207430	107672
2012-06-07 02:26:16	207446	107672
2012-06-07 02:26:16	207462	107672
2012-06-07 02:26:16	207480	107672
2012-06-07 02:26:16	207496	107672
2012-06-07 02:26:16	207512	107672
2012-06-07 02:26:16	507748	107672
2012-06-07 02:26:16	2643	107672
2012-06-07 02:26:16	22848	107672
2012-06-07 02:26:16	38669	107672
2012-06-07 02:26:16	59803	107672
2012-06-07 02:26:16	74527	107672
2012-06-07 02:26:16	126883	107672
2012-06-07 02:26:16	173191	107672
2012-06-07 02:26:16	204442	107672
2012-06-07 02:26:16	204518	107672
2012-06-07 02:26:16	207367	107672
2012-06-07 02:26:16	207383	107672
2012-06-07 02:26:16	207399	107672
2012-06-07 02:26:16	207415	107672
2012-06-07 02:26:16	207431	107672
2012-06-07 02:26:16	207447	107672
2012-06-07 02:26:16	207464	107672
2012-06-07 02:26:16	207481	107672
2012-06-07 02:26:16	207497	107672
2012-06-07 02:26:16	207513	107672
2012-06-07 02:26:16	507749	107672
2012-06-07 02:26:16	6917	107672
2012-06-07 02:26:16	23869	107672
2012-06-07 02:26:16	42472	107672
2012-06-07 02:26:16	67954	107672
2012-06-07 02:26:16	74729	107672
2012-06-07 02:26:16	129946	107672
2012-06-07 02:26:16	174115	107672
2012-06-07 02:26:16	204443	107672
2012-06-07 02:26:16	204521	107672
2012-06-07 02:26:16	207368	107672
2012-06-07 02:26:16	207384	107672
2012-06-07 02:26:16	207400	107672
2012-06-07 02:26:16	207416	107672
2012-06-07 02:26:16	207432	107672
2012-06-07 02:26:16	207448	107672
2012-06-07 02:26:16	207465	107672
2012-06-07 02:26:16	207482	107672
2012-06-07 02:26:16	207498	107672
2012-06-07 02:26:16	207514	107672
2012-06-07 02:26:16	507750	107672
2012-06-07 02:26:16	7566	107672
2012-06-07 02:26:16	25140	107672
2012-06-07 02:26:16	47904	107672
2012-06-07 02:26:16	69410	107672
2012-06-07 02:26:16	80662	107672
2012-06-07 02:26:16	133733	107672
2012-06-07 02:26:16	174336	107672
2012-06-07 02:26:16	204447	107672
2012-06-07 02:26:16	204528	107672
2012-06-07 02:26:16	207369	107672
2012-06-07 02:26:16	207385	107672
2012-06-07 02:26:16	207401	107672
2012-06-07 02:26:16	207417	107672
2012-06-07 02:26:16	207433	107672
2012-06-07 02:26:16	207449	107672
2012-06-07 02:26:16	207466	107672
2012-06-07 02:26:16	207483	107672
2012-06-07 02:26:16	207499	107672
2012-06-07 02:26:16	207515	107672
2012-06-07 02:26:16	507751	107672
2012-06-07 02:26:16	7649	107672
2012-06-07 02:26:16	26209	107672
2012-06-07 02:26:16	50215	107672
2012-06-07 02:26:16	69862	107672
2012-06-07 02:26:16	81176	107672
2012-06-07 02:26:16	134493	107672
2012-06-07 02:26:16	174369	107672
2012-06-07 02:26:16	204452	107672
2012-06-07 02:26:16	204531	107672
2012-06-07 02:26:16	207370	107672
2012-06-07 02:26:16	207386	107672
2012-06-07 02:26:16	207402	107672
2012-06-07 02:26:16	207418	107672
2012-06-07 02:26:16	207434	107672
2012-06-07 02:26:16	207450	107672
2012-06-07 02:26:16	207467	107672
2012-06-07 02:26:16	207484	107672
2012-06-07 02:26:16	207500	107672
2012-06-07 02:26:16	207516	107672
2012-06-07 02:26:16	507752	107672
2012-06-07 02:26:16	7913	107672
2012-06-07 02:26:16	26315	107672
2012-06-07 02:26:16	50544	107672
2012-06-07 02:26:16	70770	107672
2012-06-07 02:26:16	81355	107672
2012-06-07 02:26:16	135114	107672
2012-06-07 02:26:16	176870	107672
2012-06-07 02:26:16	204454	107672
2012-06-07 02:26:16	204533	107672
2012-06-07 02:26:16	207371	107672
2012-06-07 02:26:16	207387	107672
2012-06-07 02:26:16	207403	107672
2012-06-07 02:26:16	207419	107672
2012-06-07 02:26:16	207435	107672
2012-06-07 02:26:16	207451	107672
2012-06-07 02:26:16	207468	107672
2012-06-07 02:26:16	207485	107672
2012-06-07 02:26:16	207501	107672
2012-06-07 02:26:16	207517	107672
2012-06-07 02:26:16	507753	107672
2012-06-07 02:26:16	11271	107672
2012-06-07 02:26:16	27107	107672
2012-06-07 02:26:16	55918	107672
2012-06-07 02:26:16	71024	107672
2012-06-07 02:26:16	82242	107672
2012-06-07 02:26:16	145686	107672
2012-06-07 02:26:16	177684	107672
2012-06-07 02:26:16	204460	107672
2012-06-07 02:26:16	204547	107672
2012-06-07 02:26:16	207372	107672
2012-06-07 02:26:16	207388	107672
2012-06-07 02:26:16	207404	107672
2012-06-07 02:26:16	207420	107672
2012-06-07 02:26:16	207436	107672
2012-06-07 02:26:16	207452	107672
2012-06-07 02:26:16	207469	107672
2012-06-07 02:26:16	207486	107672
2012-06-07 02:26:16	207502	107672
2012-06-07 02:26:16	207518	107672
2012-06-07 02:26:16	507754	107672
2012-06-07 02:26:16	16394	107672
2012-06-07 02:26:16	27115	107672
2012-06-07 02:26:16	56153	107672
2012-06-07 02:26:16	71119	107672
2012-06-07 02:26:16	82425	107672
2012-06-07 02:26:16	149987	107672
2012-06-07 02:26:16	179053	107672
2012-06-07 02:26:16	204464	107672
2012-06-07 02:26:16	204566	107672
2012-06-07 02:26:16	207373	107672
2012-06-07 02:26:16	207389	107672
2012-06-07 02:26:16	207405	107672
2012-06-07 02:26:16	207421	107672
2012-06-07 02:26:16	207437	107672
2012-06-07 02:26:16	207453	107672
2012-06-07 02:26:16	207471	107672
2012-06-07 02:26:16	207487	107672
2012-06-07 02:26:16	207503	107672
2012-06-07 02:26:16	207519	107672
2012-06-07 02:26:16	507755	107672
2012-06-07 02:26:16	16796	107672
2012-06-07 02:26:16	27252	107672
2012-06-07 02:26:16	56884	107672
2012-06-07 02:26:16	71361	107672
2012-06-07 02:26:16	89354	107672
2012-06-07 02:26:16	151945	107672
2012-06-07 02:26:16	179323	107672
2012-06-07 02:26:16	204465	107672
2012-06-07 02:26:16	204756	107672
2012-06-07 02:26:16	207374	107672
2012-06-07 02:26:16	207390	107672
2012-06-07 02:26:16	207406	107672
2012-06-07 02:26:16	207422	107672
2012-06-07 02:26:16	207438	107672
2012-06-07 02:26:16	207454	107672
2012-06-07 02:26:16	207472	107672
2012-06-07 02:26:16	207488	107672
2012-06-07 02:26:16	207504	107672
2012-06-07 02:26:16	207520	107672
2012-06-07 02:26:16	507756	107672
2012-06-07 02:26:16	17951	107672
2012-06-07 02:26:16	28373	107672
2012-06-07 02:26:16	57364	107672
2012-06-07 02:26:16	71520	107672
2012-06-07 02:26:16	96512	107672
2012-06-07 02:26:16	152087	107672
2012-06-07 02:26:16	179333	107672
2012-06-07 02:26:16	204466	107672
2012-06-07 02:26:16	204869	107672
2012-06-07 02:26:16	207375	107672
2012-06-07 02:26:16	207391	107672
2012-06-07 02:26:16	207407	107672
2012-06-07 02:26:16	207423	107672
2012-06-07 02:26:16	207439	107672
2012-06-07 02:26:16	207455	107672
2012-06-07 02:26:16	207473	107672
2012-06-07 02:26:16	207489	107672
2012-06-07 02:26:16	207505	107672
2012-06-07 02:26:16	207522	107672
2012-06-07 02:26:16	18027	107672
2012-06-07 02:26:16	28628	107672
2012-06-07 02:26:16	57379	107672
2012-06-07 02:26:16	71529	107672
2012-06-07 02:26:16	103208	107672
2012-06-07 02:26:16	152482	107672
2012-06-07 02:26:16	179462	107672
2012-06-07 02:26:16	204470	107672
2012-06-07 02:26:16	205924	107672
2012-06-07 02:26:16	207376	107672
2012-06-07 02:26:16	207392	107672
2012-06-07 02:26:16	207408	107672
2012-06-07 02:26:16	207424	107672
2012-06-07 02:26:16	207440	107672
2012-06-07 02:26:16	207456	107672
2012-06-07 02:26:16	207474	107672
2012-06-07 02:26:16	207490	107672
2012-06-07 02:26:16	207506	107672
2012-06-07 02:26:16	210608	107672
2012-06-07 02:26:16	21162	107672
2012-06-07 02:26:16	29280	107672
2012-06-07 02:26:16	57442	107672
2012-06-07 02:26:16	72517	107672
2012-06-07 02:26:16	103636	107672
2012-06-07 02:26:16	154469	107672
2012-06-07 02:26:16	191999	107672
2012-06-07 02:26:16	204477	107672
2012-06-07 02:26:16	205933	107672
2012-06-07 02:26:16	207377	107672
2012-06-07 02:26:16	207393	107672
2012-06-07 02:26:16	207409	107672
2012-06-07 02:26:16	207425	107672
2012-06-07 02:26:16	207441	107672
2012-06-07 02:26:16	207457	107672
2012-06-07 02:26:16	207475	107672
2012-06-07 02:26:16	207491	107672
2012-06-07 02:26:16	207507	107672
2012-06-07 02:26:16	274078	107672
2012-06-07 02:26:16	21244	107672
2012-06-07 02:26:16	29808	107672
2012-06-07 02:26:16	57600	107672
2012-06-07 02:26:16	73458	107672
2012-06-07 02:26:16	104135	107672
2012-06-07 02:26:16	160641	107672
2012-06-07 02:26:16	194480	107672
2012-06-07 02:26:16	204490	107672
2012-06-07 02:26:16	206043	107672
2012-06-07 02:26:16	207378	107672
2012-06-07 02:26:16	207394	107672
2012-06-07 02:26:16	207410	107672
2012-06-07 02:26:16	207426	107672
2012-06-07 02:26:16	207442	107672
2012-06-07 02:26:16	207458	107672
2012-06-07 02:26:16	207476	107672
2012-06-07 02:26:16	207492	107672
2012-06-07 02:26:16	207508	107672
2012-06-07 02:26:16	328928	107672
2012-06-07 02:26:16	21292	107672
2012-06-07 02:26:16	32659	107672
2012-06-07 02:26:16	57729	107672
2012-06-07 02:26:16	73913	107672
2012-06-07 02:26:16	107143	107672
2012-06-07 02:26:16	166006	107672
2012-06-07 02:26:16	196625	107672
2012-06-07 02:26:16	204499	107672
2012-06-07 02:26:16	206185	107672
2012-06-07 02:26:16	207379	107672
2012-06-07 02:26:16	207395	107672
2012-06-07 02:26:16	207411	107672
2012-06-07 02:26:16	207427	107672
2012-06-07 02:26:16	207443	107672
2012-06-07 02:26:16	207459	107672
2012-06-07 02:26:16	207477	107672
2012-06-07 02:26:16	207493	107672
2012-06-07 02:26:16	207509	107672
2012-06-07 02:26:16	331975	107672
2012-06-07 02:26:16	21563	107672
2012-06-07 02:26:16	32776	107672
2012-06-07 02:26:16	57757	107672
2012-06-07 02:26:16	73923	107672
2012-06-07 02:26:16	118528	107672
2012-06-07 02:26:16	166819	107672
2012-06-07 02:26:16	198595	107672
2012-06-07 02:26:16	204500	107672
2012-06-07 02:26:16	206193	107672
2012-06-07 02:26:16	207380	107672
2012-06-07 02:26:16	207396	107672
2012-06-07 02:26:16	207412	107672
2012-06-07 02:26:16	207428	107672
2012-06-07 02:26:16	207444	107672
2012-06-07 02:26:16	207460	107672
2012-06-07 02:26:16	207478	107672
2012-06-07 02:26:16	207494	107672
2012-06-07 02:26:16	207510	107672
2012-06-07 02:26:16	336985	107672
2012-06-21 02:45:11	2	7
2012-06-21 02:45:11	10	7
2012-06-21 02:45:11	965	7
2012-06-21 02:45:11	1106	7
2012-06-21 02:45:11	1110	7
2012-06-21 02:45:11	1174	7
2012-06-21 02:45:11	9159	7
2012-06-21 02:45:11	10679	7
2012-06-21 02:45:11	11278	7
2012-06-21 02:45:11	12568	7
2012-06-21 02:45:11	12570	7
2012-06-21 02:45:11	12571	7
2012-06-21 02:45:11	507729	7
2013-05-18 15:26:58	81001	104306
